Grupa,Spearman_rho,p-value
WT,-0.29478260869565215,0.16201059639566895
AKT1_E17K,0.44675324675324674,0.042323919728474726
PIK3CA_E545K,0.36,0.08399469645152526
PIK3CA_H1047R,-0.29739130434782607,0.15815426059539586
PTEN_del,-0.5671550671550671,0.0020357432118934676
