mutation,mean_RR,std_error,p_value_vs_WT,significant
WT,1.7423490027824606,0.017192528177630007,,False
AKT1_E17K,1.581421138620283,0.07193214884648376,0.013845866247054696,True
PIK3CA_E545K,1.7071095805294858,0.03188452401953673,0.7341158072389882,False
PIK3CA_H1047R,3.200310079544145,0.1306429302685527,1.225465693469268e-08,True
PTEN_del,1.5566327650128646,0.02162390746542697,1.4642337089636465e-06,True
